[
   {
      "device_type": "lights",
      "id": 0,
      "location": "HALL"
   },
   {
      "device_type": "lights",
      "id": 1,
      "location": "KITCHEN"
   },
   {
      "device_type": "lights",
      "id": 2,
      "location": "First Bedroom"
   },
   {
      "device_type": "lights",
      "id": 3,
      "location": "SECOND_BEDROOM"
   },
   {
      "device_type": "thermostat",
      "id": 4,
      "location": "HALL"
   },
   {
      "device_type": "camera",
      "id": 5,
      "location": "HALL"
   },
   {
      "device_type": "alarm",
      "id": 6,
      "location": "HALL"
   },
   {
      "device_type": "weather",
      "id": 7,
      "location": "HALL"
   },
   {
      "device_type": "weather",
      "id": 8,
      "location": "FIRST_BEDROOM"
   },
   {
      "device_type": "shutters",
      "id": 9,
      "location": "FIRST_BEDROOM"
   }
]